{
  "template_id": "informe_biomedico_funcional_v1",
  "name": "Informe Biomédico Funcional (Discapacidad)",
  "vendor": "Discapacidad",
  "pdf": {
    "filename": "form.pdf",
    "marked_filename": "form_marked.pdf"
  },
  "markers": [
    "<<dis_causa_auditiva>>",
    "<<dis_causa_fisica>>",
    "<<dis_causa_intelectual>>",
    "<<dis_causa_psiquica>>",
    "<<dis_causa_visual>>",
    "<<dis_dx_asoc_l>>",
    "<<dis_dx_asoc_r>>",
    "<<dis_dx_otros_l>>",
    "<<dis_dx_otros_r>>",
    "<<dis_func_l>>",
    "<<dis_func_r>>",
    "<<dis_hist_l>>",
    "<<dis_hist_r>>",
    "<<dis_int_l>>",
    "<<dis_int_r>>",
    "<<dis_meds_l>>",
    "<<dis_meds_r>>",
    "<<dis_req_cuales_l>>",
    "<<dis_req_cuales_r>>",
    "<<dis_req_no>>",
    "<<dis_req_si>>",
    "<<dis_usa_cuales_l>>",
    "<<dis_usa_cuales_r>>",
    "<<dis_usa_no>>",
    "<<dis_usa_si>>",
    "<<inf_fecha_l>>",
    "<<inf_fecha_r>>",
    "<<inf_inst_l>>",
    "<<inf_inst_r>>",
    "<<inf_mail_l>>",
    "<<inf_mail_r>>",
    "<<inf_nom_l>>",
    "<<inf_nom_r>>",
    "<<inf_prof_l>>",
    "<<inf_prof_r>>",
    "<<inf_rut_l>>",
    "<<inf_rut_r>>",
    "<<inf_tel_l>>",
    "<<inf_tel_r>>",
    "<<sf>>",
    "<<trt1_nom_l>>",
    "<<trt1_nom_r>>",
    "<<trt1_prof_l>>",
    "<<trt1_prof_r>>",
    "<<trt1_rut_l>>",
    "<<trt1_rut_r>>",
    "<<trt1_tel_l>>",
    "<<trt1_tel_r>>",
    "<<trt2_nom_l>>",
    "<<trt2_nom_r>>",
    "<<trt2_prof_l>>",
    "<<trt2_prof_r>>",
    "<<trt2_rut_l>>",
    "<<trt2_rut_r>>",
    "<<trt2_tel_l>>",
    "<<trt2_tel_r>>",
    "<<trt3_nom_l>>",
    "<<trt3_nom_r>>",
    "<<trt3_prof_l>>",
    "<<trt3_prof_r>>",
    "<<trt3_rut_l>>",
    "<<trt3_rut_r>>",
    "<<trt3_tel_l>>",
    "<<trt3_tel_r>>",
    "<<usr_ap_l>>",
    "<<usr_ap_r>>",
    "<<usr_fnac_l>>",
    "<<usr_fnac_r>>",
    "<<usr_nom_l>>",
    "<<usr_nom_r>>",
    "<<usr_rut_l>>",
    "<<usr_rut_r>>"
  ],
  "anchors": {
    "<<usr_ap_l>>": [
      {
        "page_index": 0,
        "x0": 158.86,
        "y0": 171.74,
        "x1": 168.86,
        "y1": 185.18
      }
    ],
    "<<usr_ap_r>>": [
      {
        "page_index": 0,
        "x0": 520.17,
        "y0": 171.74,
        "x1": 530.17,
        "y1": 185.18
      }
    ],
    "<<usr_nom_l>>": [
      {
        "page_index": 0,
        "x0": 158.86,
        "y0": 193.1,
        "x1": 168.86,
        "y1": 206.54
      }
    ],
    "<<usr_nom_r>>": [
      {
        "page_index": 0,
        "x0": 520.17,
        "y0": 193.1,
        "x1": 530.17,
        "y1": 206.54
      }
    ],
    "<<usr_rut_l>>": [
      {
        "page_index": 0,
        "x0": 157.66,
        "y0": 214.46,
        "x1": 167.66,
        "y1": 227.9
      }
    ],
    "<<usr_rut_r>>": [
      {
        "page_index": 0,
        "x0": 277.97,
        "y0": 214.46,
        "x1": 287.97,
        "y1": 227.9
      }
    ],
    "<<usr_fnac_l>>": [
      {
        "page_index": 0,
        "x0": 364.354,
        "y0": 214.46,
        "x1": 374.354,
        "y1": 227.9
      }
    ],
    "<<usr_fnac_r>>": [
      {
        "page_index": 0,
        "x0": 520.17,
        "y0": 214.46,
        "x1": 530.17,
        "y1": 227.9
      }
    ],
    "<<dis_causa_fisica>>": [
      {
        "page_index": 0,
        "x0": 214.1699981689453,
        "y0": 265.2899932861328,
        "x1": 224.1699981689453,
        "y1": 275.2899932861328
      }
    ],
    "<<dis_causa_visual>>": [
      {
        "page_index": 0,
        "x0": 288.80999755859375,
        "y0": 265.2899932861328,
        "x1": 298.80999755859375,
        "y1": 275.2899932861328
      }
    ],
    "<<dis_causa_auditiva>>": [
      {
        "page_index": 0,
        "x0": 408.8299865722656,
        "y0": 265.2899932861328,
        "x1": 418.8299865722656,
        "y1": 275.2899932861328
      }
    ],
    "<<dis_causa_psiquica>>": [
      {
        "page_index": 0,
        "x0": 214.0500030517578,
        "y0": 285.4499969482422,
        "x1": 224.0500030517578,
        "y1": 295.4499969482422
      }
    ],
    "<<dis_causa_intelectual>>": [
      {
        "page_index": 0,
        "x0": 342.4700012207031,
        "y0": 285.4499969482422,
        "x1": 352.4700012207031,
        "y1": 295.4499969482422
      }
    ],
    "<<dis_dx_asoc_l>>": [
      {
        "page_index": 0,
        "x0": 108.5,
        "y0": 345.0899963378906,
        "x1": 118.5,
        "y1": 382.92999267578125
      }
    ],
    "<<dis_dx_asoc_r>>": [
      {
        "page_index": 0,
        "x0": 517.01,
        "y0": 345.0899963378906,
        "x1": 527.01,
        "y1": 382.92999267578125
      }
    ],
    "<<dis_dx_otros_l>>": [
      {
        "page_index": 0,
        "x0": 108.5,
        "y0": 401.9700012207031,
        "x1": 118.5,
        "y1": 436.9200134277344
      }
    ],
    "<<dis_dx_otros_r>>": [
      {
        "page_index": 0,
        "x0": 517.01,
        "y0": 401.9700012207031,
        "x1": 527.01,
        "y1": 436.9200134277344
      }
    ],
    "<<dis_hist_l>>": [
      {
        "page_index": 0,
        "x0": 108.5,
        "y0": 485.5500183105469,
        "x1": 118.5,
        "y1": 569.6300048828125
      }
    ],
    "<<dis_hist_r>>": [
      {
        "page_index": 0,
        "x0": 517.01,
        "y0": 485.5500183105469,
        "x1": 527.01,
        "y1": 569.6300048828125
      }
    ],
    "<<dis_meds_l>>": [
      {
        "page_index": 0,
        "x0": 108.5,
        "y0": 596.6700439453125,
        "x1": 118.5,
        "y1": 642.5
      }
    ],
    "<<dis_meds_r>>": [
      {
        "page_index": 0,
        "x0": 517.01,
        "y0": 596.6700439453125,
        "x1": 527.01,
        "y1": 642.5
      }
    ],
    "<<dis_func_l>>": [
      {
        "page_index": 0,
        "x0": 108.5,
        "y0": 667.5400390625,
        "x1": 118.5,
        "y1": 677.5400390625
      }
    ],
    "<<dis_func_r>>": [
      {
        "page_index": 0,
        "x0": 517.01,
        "y0": 667.5400390625,
        "x1": 527.01,
        "y1": 677.5400390625
      }
    ],
    "<<dis_int_l>>": [
      {
        "page_index": 1,
        "x0": 108.5,
        "y0": 130.61998748779297,
        "x1": 118.5,
        "y1": 197.37997436523438
      }
    ],
    "<<dis_int_r>>": [
      {
        "page_index": 1,
        "x0": 517.01,
        "y0": 130.61998748779297,
        "x1": 527.01,
        "y1": 197.37997436523438
      }
    ],
    "<<dis_req_si>>": [
      {
        "page_index": 1,
        "x0": 287.647705078125,
        "y0": 110.0999870300293,
        "x1": 297.647705078125,
        "y1": 120.0999870300293
      },
      {
        "page_index": 1,
        "x0": 287.647705078125,
        "y0": 110.0999870300293,
        "x1": 297.647705078125,
        "y1": 120.0999870300293
      }
    ],
    "<<dis_req_no>>": [
      {
        "page_index": 1,
        "x0": 401.0299987792969,
        "y0": 207.89997100830078,
        "x1": 411.0299987792969,
        "y1": 217.89997100830078
      }
    ],
    "<<dis_usa_si>>": [
      {
        "page_index": 1,
        "x0": 274.5299987792969,
        "y0": 207.89997100830078,
        "x1": 284.5299987792969,
        "y1": 217.89997100830078
      }
    ],
    "<<dis_usa_no>>": [
      {
        "page_index": 1,
        "x0": 401.0299987792969,
        "y0": 267.20997619628906,
        "x1": 411.0299987792969,
        "y1": 277.20997619628906
      }
    ],
    "<<dis_req_cuales_l>>": [
      {
        "page_index": 1,
        "x0": 108.5,
        "y0": 240.13999938964844,
        "x1": 118.5,
        "y1": 258.6899719238281
      }
    ],
    "<<dis_req_cuales_r>>": [
      {
        "page_index": 1,
        "x0": 517.01,
        "y0": 240.13999938964844,
        "x1": 527.01,
        "y1": 258.6899719238281
      }
    ],
    "<<dis_usa_cuales_l>>": [
      {
        "page_index": 1,
        "x0": 108.5,
        "y0": 299.57000732421875,
        "x1": 118.5,
        "y1": 306.7300109863281
      }
    ],
    "<<dis_usa_cuales_r>>": [
      {
        "page_index": 1,
        "x0": 517.01,
        "y0": 299.57000732421875,
        "x1": 527.01,
        "y1": 306.7300109863281
      }
    ],
    "<<trt1_nom_l>>": [
      {
        "page_index": 1,
        "x0": 107.33999633789062,
        "y0": 359.9700012207031,
        "x1": 117.33999633789062,
        "y1": 377.1700134277344
      }
    ],
    "<<trt1_nom_r>>": [
      {
        "page_index": 1,
        "x0": 242.0,
        "y0": 359.9700012207031,
        "x1": 252.0,
        "y1": 377.1700134277344
      }
    ],
    "<<trt1_prof_l>>": [
      {
        "page_index": 1,
        "x0": 260.489990234375,
        "y0": 359.9700012207031,
        "x1": 270.489990234375,
        "y1": 377.1700134277344
      }
    ],
    "<<trt1_prof_r>>": [
      {
        "page_index": 1,
        "x0": 357.1099853515625,
        "y0": 359.9700012207031,
        "x1": 367.1099853515625,
        "y1": 377.1700134277344
      }
    ],
    "<<trt1_rut_l>>": [
      {
        "page_index": 1,
        "x0": 375.5899963378906,
        "y0": 359.9700012207031,
        "x1": 385.5899963378906,
        "y1": 377.1700134277344
      }
    ],
    "<<trt1_rut_r>>": [
      {
        "page_index": 1,
        "x0": 434.0299987792969,
        "y0": 359.9700012207031,
        "x1": 444.0299987792969,
        "y1": 377.1700134277344
      }
    ],
    "<<trt1_tel_l>>": [
      {
        "page_index": 1,
        "x0": 452.510009765625,
        "y0": 359.9700012207031,
        "x1": 462.510009765625,
        "y1": 377.1700134277344
      }
    ],
    "<<trt1_tel_r>>": [
      {
        "page_index": 1,
        "x0": 518.7739868164062,
        "y0": 359.9700012207031,
        "x1": 528.7739868164062,
        "y1": 377.1700134277344
      }
    ],
    "<<trt2_nom_l>>": [
      {
        "page_index": 1,
        "x0": 107.33999633789062,
        "y0": 385.7699890136719,
        "x1": 117.33999633789062,
        "y1": 404.5299987792969
      }
    ],
    "<<trt2_nom_r>>": [
      {
        "page_index": 1,
        "x0": 242.0,
        "y0": 385.7699890136719,
        "x1": 252.0,
        "y1": 404.5299987792969
      }
    ],
    "<<trt2_prof_l>>": [
      {
        "page_index": 1,
        "x0": 260.489990234375,
        "y0": 385.7699890136719,
        "x1": 270.489990234375,
        "y1": 404.5299987792969
      }
    ],
    "<<trt2_prof_r>>": [
      {
        "page_index": 1,
        "x0": 357.1099853515625,
        "y0": 385.7699890136719,
        "x1": 367.1099853515625,
        "y1": 404.5299987792969
      }
    ],
    "<<trt2_rut_l>>": [
      {
        "page_index": 1,
        "x0": 375.5899963378906,
        "y0": 385.7699890136719,
        "x1": 385.5899963378906,
        "y1": 404.5299987792969
      }
    ],
    "<<trt2_rut_r>>": [
      {
        "page_index": 1,
        "x0": 434.0299987792969,
        "y0": 385.7699890136719,
        "x1": 444.0299987792969,
        "y1": 404.5299987792969
      }
    ],
    "<<trt2_tel_l>>": [
      {
        "page_index": 1,
        "x0": 452.510009765625,
        "y0": 385.7699890136719,
        "x1": 462.510009765625,
        "y1": 404.5299987792969
      }
    ],
    "<<trt2_tel_r>>": [
      {
        "page_index": 1,
        "x0": 518.7739868164062,
        "y0": 385.7699890136719,
        "x1": 528.7739868164062,
        "y1": 404.5299987792969
      }
    ],
    "<<trt3_nom_l>>": [
      {
        "page_index": 1,
        "x0": 107.33999633789062,
        "y0": 413.1260070800781,
        "x1": 117.33999633789062,
        "y1": 433.3500061035156
      }
    ],
    "<<trt3_nom_r>>": [
      {
        "page_index": 1,
        "x0": 242.0,
        "y0": 413.1260070800781,
        "x1": 252.0,
        "y1": 433.3500061035156
      }
    ],
    "<<trt3_prof_l>>": [
      {
        "page_index": 1,
        "x0": 260.489990234375,
        "y0": 413.1260070800781,
        "x1": 270.489990234375,
        "y1": 433.3500061035156
      }
    ],
    "<<trt3_prof_r>>": [
      {
        "page_index": 1,
        "x0": 357.1099853515625,
        "y0": 413.1260070800781,
        "x1": 367.1099853515625,
        "y1": 433.3500061035156
      }
    ],
    "<<trt3_rut_l>>": [
      {
        "page_index": 1,
        "x0": 375.5899963378906,
        "y0": 413.1260070800781,
        "x1": 385.5899963378906,
        "y1": 433.3500061035156
      }
    ],
    "<<trt3_rut_r>>": [
      {
        "page_index": 1,
        "x0": 434.0299987792969,
        "y0": 413.1260070800781,
        "x1": 444.0299987792969,
        "y1": 433.3500061035156
      }
    ],
    "<<trt3_tel_l>>": [
      {
        "page_index": 1,
        "x0": 452.510009765625,
        "y0": 413.1260070800781,
        "x1": 462.510009765625,
        "y1": 433.3500061035156
      }
    ],
    "<<trt3_tel_r>>": [
      {
        "page_index": 1,
        "x0": 518.7739868164062,
        "y0": 413.1260070800781,
        "x1": 528.7739868164062,
        "y1": 433.3500061035156
      }
    ],
    "<<inf_nom_l>>": [
      {
        "page_index": 1,
        "x0": 202.684,
        "y0": 478.7900085449219,
        "x1": 212.684,
        "y1": 492.7900085449219
      }
    ],
    "<<inf_nom_r>>": [
      {
        "page_index": 1,
        "x0": 520.17,
        "y0": 478.7900085449219,
        "x1": 530.17,
        "y1": 492.7900085449219
      }
    ],
    "<<inf_prof_l>>": [
      {
        "page_index": 1,
        "x0": 202.684,
        "y0": 342.0899963378906,
        "x1": 212.684,
        "y1": 356.0899963378906
      }
    ],
    "<<inf_prof_r>>": [
      {
        "page_index": 1,
        "x0": 318.79,
        "y0": 342.0899963378906,
        "x1": 328.79,
        "y1": 356.0899963378906
      }
    ],
    "<<inf_rut_l>>": [
      {
        "page_index": 1,
        "x0": 416.31,
        "y0": 342.0899963378906,
        "x1": 426.31,
        "y1": 356.0899963378906
      }
    ],
    "<<inf_rut_r>>": [
      {
        "page_index": 1,
        "x0": 520.17,
        "y0": 342.0899963378906,
        "x1": 530.17,
        "y1": 356.0899963378906
      }
    ],
    "<<inf_inst_l>>": [
      {
        "page_index": 1,
        "x0": 202.684,
        "y0": 521.510009765625,
        "x1": 212.684,
        "y1": 535.510009765625
      }
    ],
    "<<inf_inst_r>>": [
      {
        "page_index": 1,
        "x0": 520.17,
        "y0": 521.510009765625,
        "x1": 530.17,
        "y1": 535.510009765625
      }
    ],
    "<<inf_mail_l>>": [
      {
        "page_index": 1,
        "x0": 202.684,
        "y0": 542.75,
        "x1": 212.684,
        "y1": 556.75
      }
    ],
    "<<inf_mail_r>>": [
      {
        "page_index": 1,
        "x0": 520.17,
        "y0": 542.75,
        "x1": 530.17,
        "y1": 556.75
      }
    ],
    "<<inf_tel_l>>": [
      {
        "page_index": 1,
        "x0": 202.684,
        "y0": 342.0899963378906,
        "x1": 212.684,
        "y1": 356.0899963378906
      }
    ],
    "<<inf_tel_r>>": [
      {
        "page_index": 1,
        "x0": 318.79,
        "y0": 342.0899963378906,
        "x1": 328.79,
        "y1": 356.0899963378906
      }
    ],
    "<<inf_fecha_l>>": [
      {
        "page_index": 1,
        "x0": 416.31,
        "y0": 564.1099853515625,
        "x1": 426.31,
        "y1": 578.1099853515625
      }
    ],
    "<<inf_fecha_r>>": [
      {
        "page_index": 1,
        "x0": 520.17,
        "y0": 564.1099853515625,
        "x1": 530.17,
        "y1": 578.1099853515625
      }
    ],
    "<<sf>>": [
      {
        "page_index": 1,
        "x0": 400.0,
        "y0": 583.8199462890625,
        "x1": 420.0,
        "y1": 603.8199462890625
      }
    ]
  },
  "needs_cover": false,
  "style": {
    "font": "Helvetica",
    "font_bold": "Helvetica-Bold",
    "cover_padding": 1.5,
    "stamp_font_size": 9,
    "stamp_y_ratio": 0.22,
    "sig_h_ratio": 0.85,
    "stamp_gap": 1.0
  },
  "bindings": {
    "usr_apellidos": {
      "type": "lr_singleline",
      "left": "<<usr_ap_l>>",
      "right": "<<usr_ap_r>>",
      "source": "caso.usr_apellidos",
      "max_size": 10,
      "min_size": 7,
      "height": 12.0,
      "pad_x": 1.0
    },
    "usr_nombre": {
      "type": "lr_singleline",
      "left": "<<usr_nom_l>>",
      "right": "<<usr_nom_r>>",
      "source": "caso.usr_nombre",
      "max_size": 10,
      "min_size": 7,
      "height": 12.0,
      "pad_x": 1.0
    },
    "usr_rut": {
      "type": "lr_singleline",
      "left": "<<usr_rut_l>>",
      "right": "<<usr_rut_r>>",
      "source": "caso.usr_rut",
      "max_size": 10,
      "min_size": 7,
      "height": 12.0,
      "pad_x": 1.0
    },
    "usr_fnac": {
      "type": "lr_singleline",
      "left": "<<usr_fnac_l>>",
      "right": "<<usr_fnac_r>>",
      "source": "caso.usr_fnac",
      "format": "date_ddmmyyyy",
      "max_size": 10,
      "min_size": 7,
      "height": 12.0,
      "pad_x": 1.0
    },
    "dis_causa_fisica": {
      "type": "checkbox",
      "marker": "<<dis_causa_fisica>>",
      "source": "caso.dis_causa_fisica",
      "glyph": "X",
      "size": 11
    },
    "dis_causa_visual": {
      "type": "checkbox",
      "marker": "<<dis_causa_visual>>",
      "source": "caso.dis_causa_visual",
      "glyph": "X",
      "size": 11
    },
    "dis_causa_auditiva": {
      "type": "checkbox",
      "marker": "<<dis_causa_auditiva>>",
      "source": "caso.dis_causa_auditiva",
      "glyph": "X",
      "size": 11
    },
    "dis_causa_psiquica": {
      "type": "checkbox",
      "marker": "<<dis_causa_psiquica>>",
      "source": "caso.dis_causa_psiquica",
      "glyph": "X",
      "size": 11
    },
    "dis_causa_intelectual": {
      "type": "checkbox",
      "marker": "<<dis_causa_intelectual>>",
      "source": "caso.dis_causa_intelectual",
      "glyph": "X",
      "size": 11
    },
    "dis_dx_asociados": {
      "type": "lr_multiline",
      "left": "<<dis_dx_asoc_l>>",
      "right": "<<dis_dx_asoc_r>>",
      "source": "caso.dis_dx_asociados",
      "size": 10,
      "line_height": 12,
      "height": 60.0,
      "pad_x": 2.0
    },
    "dis_dx_otros": {
      "type": "lr_multiline",
      "left": "<<dis_dx_otros_l>>",
      "right": "<<dis_dx_otros_r>>",
      "source": "caso.dis_dx_otros",
      "size": 10,
      "line_height": 12,
      "height": 60.0,
      "pad_x": 2.0
    },
    "dis_historia": {
      "type": "lr_multiline",
      "left": "<<dis_hist_l>>",
      "right": "<<dis_hist_r>>",
      "source": "caso.dis_historia",
      "size": 10,
      "line_height": 12,
      "height": 110.0,
      "pad_x": 2.0
    },
    "dis_medicamentos": {
      "type": "lr_multiline",
      "left": "<<dis_meds_l>>",
      "right": "<<dis_meds_r>>",
      "source": "caso.dis_medicamentos",
      "size": 10,
      "line_height": 12,
      "height": 80.0,
      "pad_x": 2.0
    },
    "dis_funcional": {
      "type": "lr_multiline",
      "left": "<<dis_func_l>>",
      "right": "<<dis_func_r>>",
      "source": "caso.dis_funcional",
      "size": 10,
      "line_height": 12,
      "height": 110.0,
      "pad_x": 2.0
    },
    "dis_intervenciones": {
      "type": "lr_multiline",
      "left": "<<dis_int_l>>",
      "right": "<<dis_int_r>>",
      "source": "caso.dis_intervenciones",
      "size": 10,
      "line_height": 12,
      "height": 80.0,
      "pad_x": 2.0
    },
    "dis_req_si": {
      "type": "checkbox",
      "marker": "<<dis_req_si>>",
      "source": "caso.dis_req_si",
      "glyph": "X",
      "size": 11
    },
    "dis_req_no": {
      "type": "checkbox",
      "marker": "<<dis_req_no>>",
      "source": "caso.dis_req_no",
      "glyph": "X",
      "size": 11
    },
    "dis_req_cuales": {
      "type": "lr_multiline",
      "left": "<<dis_req_cuales_l>>",
      "right": "<<dis_req_cuales_r>>",
      "source": "caso.dis_req_cuales",
      "size": 10,
      "line_height": 12,
      "height": 50.0,
      "pad_x": 2.0
    },
    "dis_usa_si": {
      "type": "checkbox",
      "marker": "<<dis_usa_si>>",
      "source": "caso.dis_usa_si",
      "glyph": "X",
      "size": 11
    },
    "dis_usa_no": {
      "type": "checkbox",
      "marker": "<<dis_usa_no>>",
      "source": "caso.dis_usa_no",
      "glyph": "X",
      "size": 11
    },
    "dis_usa_cuales": {
      "type": "lr_multiline",
      "left": "<<dis_usa_cuales_l>>",
      "right": "<<dis_usa_cuales_r>>",
      "source": "caso.dis_usa_cuales",
      "size": 10,
      "line_height": 12,
      "height": 50.0,
      "pad_x": 2.0
    },
    "sello_firma": {
      "type": "stamp_sig",
      "marker": "<<sf>>",
      "box_w": 200,
      "box_h": 80
    },
    "trt1_nombre": {
      "type": "lr_singleline",
      "left": "<<trt1_nom_l>>",
      "right": "<<trt1_nom_r>>",
      "source": "caso.trt1_nombre",
      "max_size": 10,
      "min_size": 7,
      "height": 12.0,
      "pad_x": 1.0
    },
    "trt1_prof": {
      "type": "lr_singleline",
      "left": "<<trt1_prof_l>>",
      "right": "<<trt1_prof_r>>",
      "source": "caso.trt1_prof",
      "max_size": 10,
      "min_size": 7,
      "height": 12.0,
      "pad_x": 1.0
    },
    "trt1_rut": {
      "type": "lr_singleline",
      "left": "<<trt1_rut_l>>",
      "right": "<<trt1_rut_r>>",
      "source": "caso.trt1_rut",
      "max_size": 10,
      "min_size": 7,
      "height": 12.0,
      "pad_x": 1.0
    },
    "trt1_tel": {
      "type": "lr_singleline",
      "left": "<<trt1_tel_l>>",
      "right": "<<trt1_tel_r>>",
      "source": "caso.trt1_tel",
      "max_size": 10,
      "min_size": 7,
      "height": 12.0,
      "pad_x": 1.0
    },
    "trt2_nombre": {
      "type": "lr_singleline",
      "left": "<<trt2_nom_l>>",
      "right": "<<trt2_nom_r>>",
      "source": "caso.trt2_nombre",
      "max_size": 10,
      "min_size": 7,
      "height": 12.0,
      "pad_x": 1.0
    },
    "trt2_prof": {
      "type": "lr_singleline",
      "left": "<<trt2_prof_l>>",
      "right": "<<trt2_prof_r>>",
      "source": "caso.trt2_prof",
      "max_size": 10,
      "min_size": 7,
      "height": 12.0,
      "pad_x": 1.0
    },
    "trt2_rut": {
      "type": "lr_singleline",
      "left": "<<trt2_rut_l>>",
      "right": "<<trt2_rut_r>>",
      "source": "caso.trt2_rut",
      "max_size": 10,
      "min_size": 7,
      "height": 12.0,
      "pad_x": 1.0
    },
    "trt2_tel": {
      "type": "lr_singleline",
      "left": "<<trt2_tel_l>>",
      "right": "<<trt2_tel_r>>",
      "source": "caso.trt2_tel",
      "max_size": 10,
      "min_size": 7,
      "height": 12.0,
      "pad_x": 1.0
    },
    "trt3_nombre": {
      "type": "lr_singleline",
      "left": "<<trt3_nom_l>>",
      "right": "<<trt3_nom_r>>",
      "source": "caso.trt3_nombre",
      "max_size": 10,
      "min_size": 7,
      "height": 12.0,
      "pad_x": 1.0
    },
    "trt3_prof": {
      "type": "lr_singleline",
      "left": "<<trt3_prof_l>>",
      "right": "<<trt3_prof_r>>",
      "source": "caso.trt3_prof",
      "max_size": 10,
      "min_size": 7,
      "height": 12.0,
      "pad_x": 1.0
    },
    "trt3_rut": {
      "type": "lr_singleline",
      "left": "<<trt3_rut_l>>",
      "right": "<<trt3_rut_r>>",
      "source": "caso.trt3_rut",
      "max_size": 10,
      "min_size": 7,
      "height": 12.0,
      "pad_x": 1.0
    },
    "trt3_tel": {
      "type": "lr_singleline",
      "left": "<<trt3_tel_l>>",
      "right": "<<trt3_tel_r>>",
      "source": "caso.trt3_tel",
      "max_size": 10,
      "min_size": 7,
      "height": 12.0,
      "pad_x": 1.0
    },
    "inf_nombre": {
      "type": "lr_singleline",
      "left": "<<inf_nom_l>>",
      "right": "<<inf_nom_r>>",
      "source": "perfil.nombre",
      "max_size": 10,
      "min_size": 7,
      "height": 12.0,
      "pad_x": 1.0
    },
    "inf_prof": {
      "type": "lr_singleline",
      "left": "<<inf_prof_l>>",
      "right": "<<inf_prof_r>>",
      "source": "perfil.especialidad",
      "max_size": 10,
      "min_size": 7,
      "height": 12.0,
      "pad_x": 1.0
    },
    "inf_rut": {
      "type": "lr_singleline",
      "left": "<<inf_rut_l>>",
      "right": "<<inf_rut_r>>",
      "source": "perfil.rut",
      "max_size": 10,
      "min_size": 7,
      "height": 12.0,
      "pad_x": 1.0
    },
    "inf_inst": {
      "type": "lr_singleline",
      "left": "<<inf_inst_l>>",
      "right": "<<inf_inst_r>>",
      "source": "perfil.institucion",
      "max_size": 10,
      "min_size": 7,
      "height": 12.0,
      "pad_x": 1.0
    },
    "inf_mail": {
      "type": "lr_singleline",
      "left": "<<inf_mail_l>>",
      "right": "<<inf_mail_r>>",
      "source": "perfil.correo",
      "max_size": 10,
      "min_size": 7,
      "height": 12.0,
      "pad_x": 1.0
    },
    "inf_tel": {
      "type": "lr_singleline",
      "left": "<<inf_tel_l>>",
      "right": "<<inf_tel_r>>",
      "source": "perfil.telefono",
      "max_size": 10,
      "min_size": 7,
      "height": 12.0,
      "pad_x": 1.0
    },
    "inf_fecha": {
      "type": "lr_singleline",
      "left": "<<inf_fecha_l>>",
      "right": "<<inf_fecha_r>>",
      "source": "caso.inf_fecha",
      "format": "date_ddmmyyyy",
      "max_size": 10,
      "min_size": 7,
      "height": 12.0,
      "pad_x": 1.0
    }
  },
  "ui": {
    "fields": [
      {
        "key": "usr_apellidos",
        "label": "Apellidos",
        "type": "text",
        "required": true,
        "section": "I. Identificación"
      },
      {
        "key": "usr_nombre",
        "label": "Nombre",
        "type": "text",
        "required": true,
        "section": "I. Identificación"
      },
      {
        "key": "usr_rut",
        "label": "RUT",
        "type": "text",
        "required": true,
        "section": "I. Identificación"
      },
      {
        "key": "usr_fnac",
        "label": "Fecha de nacimiento",
        "type": "date",
        "required": true,
        "section": "I. Identificación"
      },
      {
        "key": "dis_causa_fisica",
        "label": "Causa: Física",
        "type": "checkbox",
        "required": false,
        "section": "II. Causa"
      },
      {
        "key": "dis_causa_visual",
        "label": "Causa: Sensorial visual",
        "type": "checkbox",
        "required": false,
        "section": "II. Causa"
      },
      {
        "key": "dis_causa_auditiva",
        "label": "Causa: Sensorial auditiva",
        "type": "checkbox",
        "required": false,
        "section": "II. Causa"
      },
      {
        "key": "dis_causa_psiquica",
        "label": "Causa: Mental/psíquica",
        "type": "checkbox",
        "required": false,
        "section": "II. Causa"
      },
      {
        "key": "dis_causa_intelectual",
        "label": "Causa: Mental/intelectual",
        "type": "checkbox",
        "required": false,
        "section": "II. Causa"
      },
      {
        "key": "dis_dx_asociados",
        "label": "Diagnósticos asociados",
        "type": "multiline",
        "required": true,
        "height_px": 90,
        "section": "II. Antecedentes"
      },
      {
        "key": "dis_dx_otros",
        "label": "Otros diagnósticos",
        "type": "multiline",
        "required": false,
        "height_px": 90,
        "section": "II. Antecedentes"
      },
      {
        "key": "dis_historia",
        "label": "Breve historia clínica y evolución",
        "type": "multiline",
        "required": true,
        "height_px": 160,
        "section": "II. Antecedentes"
      },
      {
        "key": "dis_medicamentos",
        "label": "Medicamentos indicados",
        "type": "multiline",
        "required": true,
        "height_px": 120,
        "section": "II. Antecedentes"
      },
      {
        "key": "dis_funcional",
        "label": "Descripción del estado funcional",
        "type": "multiline",
        "required": true,
        "height_px": 160,
        "section": "II. Antecedentes"
      },
      {
        "key": "dis_intervenciones",
        "label": "Atenciones/intervenciones recibidas",
        "type": "multiline",
        "required": true,
        "height_px": 120,
        "section": "II. Antecedentes"
      },
      {
        "key": "dis_req_si",
        "label": "Requiere ayuda técnica: Sí",
        "type": "checkbox",
        "required": false,
        "section": "II. Ayuda técnica"
      },
      {
        "key": "dis_req_no",
        "label": "Requiere ayuda técnica: No",
        "type": "checkbox",
        "required": false,
        "section": "II. Ayuda técnica"
      },
      {
        "key": "dis_req_cuales",
        "label": "Si requiere, cuál(es)",
        "type": "multiline",
        "required": false,
        "height_px": 90,
        "section": "II. Ayuda técnica"
      },
      {
        "key": "dis_usa_si",
        "label": "Usa ayuda técnica: Sí",
        "type": "checkbox",
        "required": false,
        "section": "II. Ayuda técnica"
      },
      {
        "key": "dis_usa_no",
        "label": "Usa ayuda técnica: No",
        "type": "checkbox",
        "required": false,
        "section": "II. Ayuda técnica"
      },
      {
        "key": "dis_usa_cuales",
        "label": "Si usa, cuál(es)",
        "type": "multiline",
        "required": false,
        "height_px": 90,
        "section": "II. Ayuda técnica"
      },
      {
        "key": "trt1_nombre",
        "label": "Tratante 1 - Nombre",
        "type": "text",
        "required": true,
        "section": "III. Tratantes"
      },
      {
        "key": "trt1_prof",
        "label": "Tratante 1 - Profesión",
        "type": "text",
        "required": true,
        "section": "III. Tratantes"
      },
      {
        "key": "trt1_rut",
        "label": "Tratante 1 - RUT",
        "type": "text",
        "required": true,
        "section": "III. Tratantes"
      },
      {
        "key": "trt1_tel",
        "label": "Tratante 1 - Teléfono",
        "type": "text",
        "required": true,
        "section": "III. Tratantes"
      },
      {
        "key": "trt2_nombre",
        "label": "Tratante 2 - Nombre",
        "type": "text",
        "required": false,
        "section": "III. Tratantes"
      },
      {
        "key": "trt2_prof",
        "label": "Tratante 2 - Profesión",
        "type": "text",
        "required": false,
        "section": "III. Tratantes"
      },
      {
        "key": "trt2_rut",
        "label": "Tratante 2 - RUT",
        "type": "text",
        "required": false,
        "section": "III. Tratantes"
      },
      {
        "key": "trt2_tel",
        "label": "Tratante 2 - Teléfono",
        "type": "text",
        "required": false,
        "section": "III. Tratantes"
      },
      {
        "key": "trt3_nombre",
        "label": "Tratante 3 - Nombre",
        "type": "text",
        "required": false,
        "section": "III. Tratantes"
      },
      {
        "key": "trt3_prof",
        "label": "Tratante 3 - Profesión",
        "type": "text",
        "required": false,
        "section": "III. Tratantes"
      },
      {
        "key": "trt3_rut",
        "label": "Tratante 3 - RUT",
        "type": "text",
        "required": false,
        "section": "III. Tratantes"
      },
      {
        "key": "trt3_tel",
        "label": "Tratante 3 - Teléfono",
        "type": "text",
        "required": false,
        "section": "III. Tratantes"
      },
      {
        "key": "inf_fecha",
        "label": "Fecha del informe",
        "type": "date",
        "required": true,
        "section": "IV. Informante",
        "default": "today"
      }
    ],
    "rules": [
      {
        "type": "xor",
        "keys": [
          "dis_req_si",
          "dis_req_no"
        ],
        "message": "Marca solo una opción en 'Requiere ayuda técnica' (Sí o No)."
      },
      {
        "type": "xor",
        "keys": [
          "dis_usa_si",
          "dis_usa_no"
        ],
        "message": "Marca solo una opción en 'Usa ayuda técnica' (Sí o No)."
      },
      {
        "type": "at_least_one",
        "keys": [
          "dis_causa_fisica",
          "dis_causa_visual",
          "dis_causa_auditiva",
          "dis_causa_psiquica",
          "dis_causa_intelectual"
        ],
        "message": "Marca al menos una 'Causa(s) de discapacidad'."
      }
    ]
  },
  "version": 1
}